employee_id,username,official_name
hq001,hq001,Rajiv Sharma
hq002,hq002,Sapna Sharma
hq003,hq003,Aayaan Sharma
hq004,hq004,Aarohi Sharma
hq005,hq005,Amit Kumar
hq006,hq006,Rohan Verma
hq007,hq007,Hitesh Sahani
hq008,hq008,Ram Prakash
hq009,hq009,Dolly Verma
hq010,hq010,Amy Smith
hq011,hq011,Jhon Parker
hq012,hq012,Alan Walker
hq013,hq013,Justin roland
hq014,hq014,Mohit Sharma
hq015,hq015,Subham Lawania
hq016,hq016,Preeti Sharma
hq017,hq017,Jetendra kumar
hq018,hq018,suresh chand
hq019,hq019,Indra devi
hq020,hq020,jasmeet marwah
hq021,hq021,kamlesh sharma
hq022,hq022,Dev gaur
hq023,hq023,Seema swaroop
hq024,hq024,Yogesh Sharma
hq025,hq025,Ben simmons
hq026,hq026,Tony Stark
hq027,hq027,Winfred jhory
hq028,hq028,Shaan Sho
hq029,hq029,Ritu kumari
hq030,hq030,prem shukla
hq031,hq031,Rahul Gandhi
hq032,hq032,Narendra Modi
hq033,hq033,Sambit Parta
hq034,hq034,Sachin pilot
hq035,hq035,Kiran Yadav
hq036,hq036,Kon Shan Ho
hq037,hq037,Lajpat roy
hq038,hq038,Satyam kumar
hq039,hq039,Priya Verma
hq040,hq040,Nitin Kulshrestha
hq041,hq041,Neeresh nigam
hq042,hq042,Raj Kumar 
hq043,hq043,Pankaj Hari
hq044,hq044,Om Prakash
hq045,hq045,Adhikansh Tyagi
hq046,hq046,Abhinendra Chauhan
hq047,hq047,Krishna Pal
hq048,hq048,Atul Gaur
hq049,hq049,Hemant Kumar
hq050,hq050,Ankush Singhal
